metatranscriptome;mgm4750048.3
shotgun metagenome;mgm4667096.3
amplicon metagenome;mgm4602362.3
amplicon metagenome;mgm4602317.3
amplicon metagenome;mgm4585252.3
shotgun metagenome;mgm4570256.3
shotgun metagenome;mgm4570240.3
amplicon metagenome;mgm4547670.3
shotgun metagenome;mgm4547383.3
shotgun metagenome;mgm4547364.3
metatranscriptome;mgm4529396.3
shotgun metagenome;mgm4525668.3
amplicon metagenome;mgm4525647.3
amplicon metagenome;mgm4525637.3
amplicon metagenome;mgm4525631.3
amplicon metagenome;mgm4525617.3
shotgun metagenome;mgm4525612.3
shotgun metagenome;mgm4525608.3
shotgun metagenome;mgm4525610.3
amplicon metagenome;mgm4525607.3
shotgun metagenome;mgm4525596.3
amplicon metagenome;mgm4525589.3
amplicon metagenome;mgm4525583.3
shotgun metagenome;mgm4525580.3
shotgun metagenome;mgm4525558.3
shotgun metagenome;mgm4525554.3
shotgun metagenome;mgm4525544.3
amplicon metagenome;mgm4525527.3
shotgun metagenome;mgm4525524.3
shotgun metagenome;mgm4517907.3
amplicon metagenome;mgm4517902.3
shotgun metagenome;mgm4517899.3
amplicon metagenome;mgm4514825.3
amplicon metagenome;mgm4514822.3
amplicon metagenome;mgm4514800.3
amplicon metagenome;mgm4514794.3
amplicon metagenome;mgm4514788.3
amplicon metagenome;mgm4514747.3
amplicon metagenome;mgm4514736.3
amplicon metagenome;mgm4514733.3
amplicon metagenome;mgm4514735.3
shotgun metagenome;mgm4501158.3
shotgun metagenome;mgm4501152.3
shotgun metagenome;mgm4501149.3
shotgun metagenome;mgm4501147.3
amplicon metagenome;mgm4485302.3
amplicon metagenome;mgm4481576.3
amplicon metagenome;mgm4481564.3
amplicon metagenome;mgm4481559.3
shotgun metagenome;mgm4473347.3
amplicon metagenome;mgm4456592.3
amplicon metagenome;mgm4456585.3
amplicon metagenome;mgm4731720.3
shotgun metagenome;mgm4665885.3
amplicon metagenome;mgm4602370.3
amplicon metagenome;mgm4602358.3
amplicon metagenome;mgm4602355.3
amplicon metagenome;mgm4602338.3
amplicon metagenome;mgm4602320.3
amplicon metagenome;mgm4602314.3
amplicon metagenome;mgm4602316.3
amplicon metagenome;mgm4602308.3
shotgun metagenome;mgm4570255.3
shotgun metagenome;mgm4570257.3
amplicon metagenome;mgm4547662.3
amplicon metagenome;mgm4547653.3
amplicon metagenome;mgm4547650.3
amplicon metagenome;mgm4547634.3
shotgun metagenome;mgm4547393.3
shotgun metagenome;mgm4547381.3
shotgun metagenome;mgm4547376.3
metatranscriptome;mgm4529398.3
amplicon metagenome;mgm4527689.3
shotgun metagenome;mgm4525678.3
shotgun metagenome;mgm4525670.3
amplicon metagenome;mgm4525665.3
shotgun metagenome;mgm4525662.3
shotgun metagenome;mgm4525654.3
amplicon metagenome;mgm4525651.3
shotgun metagenome;mgm4525644.3
shotgun metagenome;mgm4525626.3
shotgun metagenome;mgm4525592.3
amplicon metagenome;mgm4525587.3
shotgun metagenome;mgm4525582.3
shotgun metagenome;mgm4525574.3
shotgun metagenome;mgm4525576.3
amplicon metagenome;mgm4525567.3
shotgun metagenome;mgm4525550.3
shotgun metagenome;mgm4525536.3
shotgun metagenome;mgm4525534.3
amplicon metagenome;mgm4525509.3
shotgun metagenome;mgm4517895.3
amplicon metagenome;mgm4517894.3
amplicon metagenome;mgm4514819.3
amplicon metagenome;mgm4514809.3
amplicon metagenome;mgm4514787.3
amplicon metagenome;mgm4514771.3
amplicon metagenome;mgm4514765.3
amplicon metagenome;mgm4514764.3
amplicon metagenome;mgm4514760.3
amplicon metagenome;mgm4514758.3
amplicon metagenome;mgm4514740.3
amplicon metagenome;mgm4514743.3
amplicon metagenome;mgm4514742.3
amplicon metagenome;mgm4514739.3
shotgun metagenome;mgm4501143.3
shotgun metagenome;mgm4501151.3
shotgun metagenome;mgm4501144.3
shotgun metagenome;mgm4501148.3
shotgun metagenome;mgm4501150.3
amplicon metagenome;mgm4481568.3
amplicon metagenome;mgm4481528.3
amplicon metagenome;mgm4481515.3
shotgun metagenome;mgm4473389.3
amplicon metagenome;mgm4456576.3
metatranscriptome;mgm4750051.3
metatranscriptome;mgm4750041.3
shotgun metagenome;mgm4698299.3
amplicon metagenome;mgm4602365.3
amplicon metagenome;mgm4602361.3
amplicon metagenome;mgm4602350.3
amplicon metagenome;mgm4602337.3
amplicon metagenome;mgm4602334.3
amplicon metagenome;mgm4602318.3
amplicon metagenome;mgm4602302.3
shotgun metagenome;mgm4570252.3
shotgun metagenome;mgm4570242.3
amplicon metagenome;mgm4547677.3
shotgun metagenome;mgm4547399.3
shotgun metagenome;mgm4547392.3
shotgun metagenome;mgm4547387.3
shotgun metagenome;mgm4547379.3
shotgun metagenome;mgm4547371.3
shotgun metagenome;mgm4547367.3
shotgun metagenome;mgm4547363.3
shotgun metagenome;mgm4547362.3
shotgun metagenome;mgm4525680.3
amplicon metagenome;mgm4525675.3
amplicon metagenome;mgm4525657.3
shotgun metagenome;mgm4525646.3
shotgun metagenome;mgm4525630.3
amplicon metagenome;mgm4525623.3
amplicon metagenome;mgm4525615.3
amplicon metagenome;mgm4525605.3
shotgun metagenome;mgm4525590.3
shotgun metagenome;mgm4525584.3
amplicon metagenome;mgm4525561.3
amplicon metagenome;mgm4525537.3
amplicon metagenome;mgm4525539.3
amplicon metagenome;mgm4514814.3
amplicon metagenome;mgm4514807.3
amplicon metagenome;mgm4514808.3
amplicon metagenome;mgm4514802.3
amplicon metagenome;mgm4514785.3
amplicon metagenome;mgm4514777.3
amplicon metagenome;mgm4514773.3
amplicon metagenome;mgm4514770.3
amplicon metagenome;mgm4514757.3
amplicon metagenome;mgm4514752.3
amplicon metagenome;mgm4514744.3
amplicon metagenome;mgm4514730.3
shotgun metagenome;mgm4513849.3
shotgun metagenome;mgm4501156.3
amplicon metagenome;mgm4485197.3
amplicon metagenome;mgm4481572.3
shotgun metagenome;mgm4473411.3
shotgun metagenome;mgm4473372.3
amplicon metagenome;mgm4456580.3
amplicon metagenome;mgm4456617.3
amplicon metagenome;mgm4456631.3
metatranscriptome;mgm4750190.3
shotgun metagenome;mgm4666069.3
shotgun metagenome;mgm4665892.3
amplicon metagenome;mgm4602371.3
amplicon metagenome;mgm4602357.3
amplicon metagenome;mgm4602356.3
amplicon metagenome;mgm4602346.3
amplicon metagenome;mgm4602333.3
amplicon metagenome;mgm4602326.3
amplicon metagenome;mgm4602309.3
amplicon metagenome;mgm4602311.3
shotgun metagenome;mgm4570250.3
amplicon metagenome;mgm4547672.3
amplicon metagenome;mgm4547646.3
amplicon metagenome;mgm4547644.3
amplicon metagenome;mgm4547641.3
amplicon metagenome;mgm4547637.3
amplicon metagenome;mgm4547630.3
shotgun metagenome;mgm4547402.3
shotgun metagenome;mgm4547389.3
shotgun metagenome;mgm4547384.3
shotgun metagenome;mgm4547370.3
shotgun metagenome;mgm4547360.3
shotgun metagenome;mgm4525682.3
shotgun metagenome;mgm4525674.3
shotgun metagenome;mgm4525658.3
amplicon metagenome;mgm4525633.3
amplicon metagenome;mgm4525603.3
shotgun metagenome;mgm4525602.3
shotgun metagenome;mgm4525604.3
amplicon metagenome;mgm4525597.3
shotgun metagenome;mgm4525588.3
shotgun metagenome;mgm4525586.3
amplicon metagenome;mgm4525551.3
shotgun metagenome;mgm4525548.3
amplicon metagenome;mgm4525541.3
shotgun metagenome;mgm4525540.3
amplicon metagenome;mgm4525525.3
shotgun metagenome;mgm4525518.3
shotgun metagenome;mgm4525522.3
shotgun metagenome;mgm4525516.3
shotgun metagenome;mgm4525514.3
amplicon metagenome;mgm4517898.3
amplicon metagenome;mgm4517884.3
amplicon metagenome;mgm4514824.3
amplicon metagenome;mgm4514813.3
amplicon metagenome;mgm4514792.3
amplicon metagenome;mgm4514789.3
amplicon metagenome;mgm4514774.3
amplicon metagenome;mgm4514763.3
amplicon metagenome;mgm4514756.3
amplicon metagenome;mgm4514734.3
shotgun metagenome;mgm4513852.3
shotgun metagenome;mgm4501157.3
shotgun metagenome;mgm4501146.3
amplicon metagenome;mgm4499916.3
shotgun metagenome;mgm4472804.3
amplicon metagenome;mgm4456584.3
amplicon metagenome;mgm4456634.3
amplicon metagenome;mgm4456621.3
metatranscriptome;mgm4750040.3
shotgun metagenome;mgm4667085.3
shotgun metagenome;mgm4666070.3
shotgun metagenome;mgm4666066.3
amplicon metagenome;mgm4602363.3
amplicon metagenome;mgm4602313.3
amplicon metagenome;mgm4602303.3
shotgun metagenome;mgm4570258.3
amplicon metagenome;mgm4547669.3
amplicon metagenome;mgm4547660.3
amplicon metagenome;mgm4547665.3
amplicon metagenome;mgm4547659.3
amplicon metagenome;mgm4547649.3
amplicon metagenome;mgm4547632.3
amplicon metagenome;mgm4547633.3
shotgun metagenome;mgm4547401.3
shotgun metagenome;mgm4547396.3
shotgun metagenome;mgm4547385.3
shotgun metagenome;mgm4547382.3
shotgun metagenome;mgm4547366.3
shotgun metagenome;mgm4547365.3
amplicon metagenome;mgm4525653.3
shotgun metagenome;mgm4525636.3
shotgun metagenome;mgm4525624.3
amplicon metagenome;mgm4525609.3
shotgun metagenome;mgm4525598.3
amplicon metagenome;mgm4525585.3
shotgun metagenome;mgm4525564.3
shotgun metagenome;mgm4525560.3
amplicon metagenome;mgm4525557.3
amplicon metagenome;mgm4525555.3
amplicon metagenome;mgm4525553.3
amplicon metagenome;mgm4517896.3
amplicon metagenome;mgm4517890.3
amplicon metagenome;mgm4514823.3
amplicon metagenome;mgm4514815.3
amplicon metagenome;mgm4514812.3
amplicon metagenome;mgm4514817.3
amplicon metagenome;mgm4514803.3
amplicon metagenome;mgm4514796.3
amplicon metagenome;mgm4514795.3
amplicon metagenome;mgm4514786.3
amplicon metagenome;mgm4514780.3
amplicon metagenome;mgm4514778.3
amplicon metagenome;mgm4514779.3
amplicon metagenome;mgm4514766.3
amplicon metagenome;mgm4514753.3
amplicon metagenome;mgm4514754.3
amplicon metagenome;mgm4514749.3
amplicon metagenome;mgm4514746.3
shotgun metagenome;mgm4513853.3
shotgun metagenome;mgm4513851.3
shotgun metagenome;mgm4501153.3
amplicon metagenome;mgm4496634.3
amplicon metagenome;mgm4481560.3
amplicon metagenome;mgm4456596.3
metatranscriptome;mgm4750050.3
amplicon metagenome;mgm4731722.3
shotgun metagenome;mgm4696715.3
shotgun metagenome;mgm4665883.3
amplicon metagenome;mgm4602364.3
amplicon metagenome;mgm4602353.3
amplicon metagenome;mgm4602352.3
amplicon metagenome;mgm4602351.3
amplicon metagenome;mgm4602344.3
amplicon metagenome;mgm4602339.3
amplicon metagenome;mgm4602330.3
amplicon metagenome;mgm4602310.3
amplicon metagenome;mgm4602305.3
shotgun metagenome;mgm4570247.3
shotgun metagenome;mgm4570246.3
amplicon metagenome;mgm4547671.3
amplicon metagenome;mgm4547661.3
amplicon metagenome;mgm4547658.3
amplicon metagenome;mgm4547645.3
amplicon metagenome;mgm4547647.3
amplicon metagenome;mgm4547643.3
shotgun metagenome;mgm4547400.3
shotgun metagenome;mgm4547395.3
shotgun metagenome;mgm4547380.3
shotgun metagenome;mgm4547369.3
shotgun metagenome;mgm4547358.3
amplicon metagenome;mgm4525671.3
shotgun metagenome;mgm4525664.3
amplicon metagenome;mgm4525667.3
shotgun metagenome;mgm4525656.3
amplicon metagenome;mgm4525645.3
amplicon metagenome;mgm4525629.3
shotgun metagenome;mgm4525600.3
amplicon metagenome;mgm4525593.3
amplicon metagenome;mgm4525577.3
amplicon metagenome;mgm4525581.3
shotgun metagenome;mgm4525570.3
shotgun metagenome;mgm4525568.3
amplicon metagenome;mgm4525559.3
shotgun metagenome;mgm4525556.3
amplicon metagenome;mgm4525547.3
shotgun metagenome;mgm4525542.3
amplicon metagenome;mgm4525531.3
amplicon metagenome;mgm4525523.3
amplicon metagenome;mgm4525519.3
shotgun metagenome;mgm4525510.3
amplicon metagenome;mgm4517906.3
shotgun metagenome;mgm4517901.3
amplicon metagenome;mgm4517886.3
amplicon metagenome;mgm4514818.3
amplicon metagenome;mgm4514810.3
amplicon metagenome;mgm4514797.3
amplicon metagenome;mgm4514784.3
amplicon metagenome;mgm4514768.3
amplicon metagenome;mgm4514738.3
amplicon metagenome;mgm4514737.3
shotgun metagenome;mgm4513848.3
shotgun metagenome;mgm4501154.3
shotgun metagenome;mgm4496433.3
amplicon metagenome;mgm4481571.3
shotgun metagenome;mgm4473348.3
amplicon metagenome;mgm4456561.3
amplicon metagenome;mgm4456602.3
metatranscriptome;mgm4750053.3
metatranscriptome;mgm4750044.3
metatranscriptome;mgm4750043.3
shotgun metagenome;mgm4666067.3
shotgun metagenome;mgm4665886.3
amplicon metagenome;mgm4602368.3
amplicon metagenome;mgm4602342.3
amplicon metagenome;mgm4602343.3
amplicon metagenome;mgm4602336.3
amplicon metagenome;mgm4602329.3
amplicon metagenome;mgm4602332.3
amplicon metagenome;mgm4602331.3
amplicon metagenome;mgm4602325.3
amplicon metagenome;mgm4602321.3
amplicon metagenome;mgm4602319.3
amplicon metagenome;mgm4602306.3
shotgun metagenome;mgm4570262.3
shotgun metagenome;mgm4570253.3
shotgun metagenome;mgm4570249.3
shotgun metagenome;mgm4570244.3
shotgun metagenome;mgm4570243.3
shotgun metagenome;mgm4570245.3
amplicon metagenome;mgm4547667.3
amplicon metagenome;mgm4547654.3
amplicon metagenome;mgm4547652.3
amplicon metagenome;mgm4547640.3
amplicon metagenome;mgm4547636.3
amplicon metagenome;mgm4547639.3
shotgun metagenome;mgm4547403.3
shotgun metagenome;mgm4547374.3
shotgun metagenome;mgm4547377.3
shotgun metagenome;mgm4547368.3
shotgun metagenome;mgm4547361.3
metatranscriptome;mgm4533696.3
amplicon metagenome;mgm4527688.3
amplicon metagenome;mgm4525683.3
shotgun metagenome;mgm4525684.3
amplicon metagenome;mgm4525673.3
amplicon metagenome;mgm4525659.3
amplicon metagenome;mgm4525663.3
shotgun metagenome;mgm4525652.3
amplicon metagenome;mgm4525619.3
amplicon metagenome;mgm4525601.3
amplicon metagenome;mgm4525599.3
shotgun metagenome;mgm4525578.3
shotgun metagenome;mgm4525572.3
amplicon metagenome;mgm4525571.3
amplicon metagenome;mgm4525575.3
shotgun metagenome;mgm4525526.3
amplicon metagenome;mgm4517900.3
amplicon metagenome;mgm4517904.3
shotgun metagenome;mgm4517897.3
amplicon metagenome;mgm4517888.3
amplicon metagenome;mgm4514762.3
amplicon metagenome;mgm4514732.3
shotgun metagenome;mgm4501159.3
amplicon metagenome;mgm4481514.3
amplicon metagenome;mgm4456604.3
amplicon metagenome;mgm4456619.3
metatranscriptome;mgm4750054.3
metatranscriptome;mgm4750052.3
metatranscriptome;mgm4750045.3
metatranscriptome;mgm4750039.3
metatranscriptome;mgm4750038.3
shotgun metagenome;mgm4667084.3
shotgun metagenome;mgm4665890.3
shotgun metagenome;mgm4665884.3
amplicon metagenome;mgm4602369.3
amplicon metagenome;mgm4602360.3
amplicon metagenome;mgm4602349.3
amplicon metagenome;mgm4602312.3
amplicon metagenome;mgm4602304.3
shotgun metagenome;mgm4570264.3
shotgun metagenome;mgm4570261.3
shotgun metagenome;mgm4570260.3
shotgun metagenome;mgm4570251.3
shotgun metagenome;mgm4570254.3
amplicon metagenome;mgm4547676.3
amplicon metagenome;mgm4547664.3
amplicon metagenome;mgm4547656.3
amplicon metagenome;mgm4547651.3
amplicon metagenome;mgm4547642.3
amplicon metagenome;mgm4547635.3
shotgun metagenome;mgm4547405.3
shotgun metagenome;mgm4547404.3
shotgun metagenome;mgm4547398.3
shotgun metagenome;mgm4547391.3
shotgun metagenome;mgm4547394.3
shotgun metagenome;mgm4547386.3
shotgun metagenome;mgm4547375.3
amplicon metagenome;mgm4525681.3
shotgun metagenome;mgm4525650.3
shotgun metagenome;mgm4525634.3
amplicon metagenome;mgm4525627.3
amplicon metagenome;mgm4525613.3
amplicon metagenome;mgm4525595.3
shotgun metagenome;mgm4525594.3
amplicon metagenome;mgm4525565.3
shotgun metagenome;mgm4525566.3
shotgun metagenome;mgm4525562.3
amplicon metagenome;mgm4525543.3
shotgun metagenome;mgm4525546.3
amplicon metagenome;mgm4525535.3
shotgun metagenome;mgm4525532.3
amplicon metagenome;mgm4525517.3
shotgun metagenome;mgm4517893.3
shotgun metagenome;mgm4517887.3
amplicon metagenome;mgm4517892.3
amplicon metagenome;mgm4514816.3
amplicon metagenome;mgm4514811.3
amplicon metagenome;mgm4514801.3
amplicon metagenome;mgm4514804.3
amplicon metagenome;mgm4514791.3
amplicon metagenome;mgm4514793.3
amplicon metagenome;mgm4514782.3
amplicon metagenome;mgm4514776.3
amplicon metagenome;mgm4514767.3
amplicon metagenome;mgm4514759.3
amplicon metagenome;mgm4514755.3
amplicon metagenome;mgm4514745.3
amplicon metagenome;mgm4514741.3
shotgun metagenome;mgm4501155.3
shotgun metagenome;mgm4501160.3
amplicon metagenome;mgm4481535.3
shotgun metagenome;mgm4473417.3
shotgun metagenome;mgm4473365.3
shotgun metagenome;mgm4472821.3
amplicon metagenome;mgm4456623.3
metatranscriptome;mgm4750047.3
amplicon metagenome;mgm4731721.3
shotgun metagenome;mgm4700801.3
shotgun metagenome;mgm4665887.3
shotgun metagenome;mgm4665882.3
shotgun metagenome;mgm4665881.3
amplicon metagenome;mgm4602367.3
amplicon metagenome;mgm4602366.3
amplicon metagenome;mgm4602359.3
amplicon metagenome;mgm4602340.3
amplicon metagenome;mgm4602335.3
amplicon metagenome;mgm4602328.3
amplicon metagenome;mgm4602322.3
amplicon metagenome;mgm4602307.3
shotgun metagenome;mgm4570263.3
shotgun metagenome;mgm4570259.3
shotgun metagenome;mgm4570248.3
amplicon metagenome;mgm4547674.3
amplicon metagenome;mgm4547668.3
amplicon metagenome;mgm4547655.3
amplicon metagenome;mgm4547657.3
amplicon metagenome;mgm4547638.3
amplicon metagenome;mgm4547631.3
shotgun metagenome;mgm4547390.3
shotgun metagenome;mgm4547378.3
amplicon metagenome;mgm4527687.3
amplicon metagenome;mgm4527686.3
amplicon metagenome;mgm4525679.3
amplicon metagenome;mgm4525677.3
shotgun metagenome;mgm4525672.3
amplicon metagenome;mgm4525669.3
amplicon metagenome;mgm4525661.3
shotgun metagenome;mgm4525660.3
amplicon metagenome;mgm4525655.3
amplicon metagenome;mgm4525649.3
shotgun metagenome;mgm4525640.3
shotgun metagenome;mgm4525642.3
amplicon metagenome;mgm4525643.3
amplicon metagenome;mgm4525641.3
shotgun metagenome;mgm4525628.3
amplicon metagenome;mgm4525621.3
shotgun metagenome;mgm4525622.3
shotgun metagenome;mgm4525616.3
shotgun metagenome;mgm4525606.3
amplicon metagenome;mgm4525591.3
amplicon metagenome;mgm4525579.3
amplicon metagenome;mgm4525569.3
amplicon metagenome;mgm4525563.3
shotgun metagenome;mgm4525552.3
shotgun metagenome;mgm4525530.3
amplicon metagenome;mgm4525533.3
amplicon metagenome;mgm4525521.3
amplicon metagenome;mgm4525513.3
shotgun metagenome;mgm4517905.3
shotgun metagenome;mgm4517903.3
shotgun metagenome;mgm4517891.3
shotgun metagenome;mgm4517885.3
amplicon metagenome;mgm4514821.3
amplicon metagenome;mgm4514806.3
amplicon metagenome;mgm4514805.3
amplicon metagenome;mgm4514799.3
amplicon metagenome;mgm4514798.3
amplicon metagenome;mgm4514790.3
amplicon metagenome;mgm4514781.3
amplicon metagenome;mgm4514775.3
amplicon metagenome;mgm4514748.3
amplicon metagenome;mgm4514751.3
amplicon metagenome;mgm4514750.3
shotgun metagenome;mgm4513846.3
shotgun metagenome;mgm4501161.3
shotgun metagenome;mgm4501145.3
amplicon metagenome;mgm4481539.3
amplicon metagenome;mgm4456570.3
amplicon metagenome;mgm4456639.3
metatranscriptome;mgm4750055.3
metatranscriptome;mgm4750049.3
amplicon metagenome;mgm4731719.3
shotgun metagenome;mgm4667098.3
shotgun metagenome;mgm4667097.3
shotgun metagenome;mgm4665891.3
shotgun metagenome;mgm4665889.3
shotgun metagenome;mgm4665888.3
amplicon metagenome;mgm4602354.3
amplicon metagenome;mgm4602348.3
amplicon metagenome;mgm4602345.3
amplicon metagenome;mgm4602347.3
amplicon metagenome;mgm4602341.3
amplicon metagenome;mgm4602327.3
amplicon metagenome;mgm4602324.3
amplicon metagenome;mgm4602323.3
amplicon metagenome;mgm4602315.3
shotgun metagenome;mgm4570265.3
shotgun metagenome;mgm4570241.3
amplicon metagenome;mgm4547675.3
amplicon metagenome;mgm4547673.3
amplicon metagenome;mgm4547666.3
amplicon metagenome;mgm4547663.3
amplicon metagenome;mgm4547648.3
shotgun metagenome;mgm4547397.3
shotgun metagenome;mgm4547388.3
shotgun metagenome;mgm4547373.3
shotgun metagenome;mgm4547372.3
shotgun metagenome;mgm4547359.3
metatranscriptome;mgm4529399.3
metatranscriptome;mgm4529397.3
shotgun metagenome;mgm4525676.3
shotgun metagenome;mgm4525666.3
shotgun metagenome;mgm4525648.3
amplicon metagenome;mgm4525635.3
amplicon metagenome;mgm4525639.3
shotgun metagenome;mgm4525638.3
shotgun metagenome;mgm4525632.3
amplicon metagenome;mgm4525625.3
shotgun metagenome;mgm4525620.3
shotgun metagenome;mgm4525618.3
amplicon metagenome;mgm4525611.3
shotgun metagenome;mgm4525614.3
amplicon metagenome;mgm4525573.3
amplicon metagenome;mgm4525549.3
amplicon metagenome;mgm4525545.3
shotgun metagenome;mgm4525538.3
amplicon metagenome;mgm4525529.3
shotgun metagenome;mgm4525528.3
shotgun metagenome;mgm4525520.3
amplicon metagenome;mgm4525511.3
shotgun metagenome;mgm4525512.3
amplicon metagenome;mgm4525515.3
shotgun metagenome;mgm4517889.3
amplicon metagenome;mgm4514820.3
amplicon metagenome;mgm4514783.3
amplicon metagenome;mgm4514769.3
amplicon metagenome;mgm4514772.3
amplicon metagenome;mgm4514761.3
amplicon metagenome;mgm4514731.3
shotgun metagenome;mgm4513850.3
shotgun metagenome;mgm4513847.3
shotgun metagenome;mgm4501162.3
shotgun metagenome;mgm4501142.3
amplicon metagenome;mgm4481538.3
shotgun metagenome;mgm4478542.3
shotgun metagenome;mgm4473438.3
shotgun metagenome;mgm4473378.3
amplicon metagenome;mgm4456615.3
amplicon metagenome;mgm4456571.3
